scenario,shock,delay,total_shock,LT,close_factor,liq_bonus,slippage,liquidatable_rate,bad_debt_rate
mild,-0.1,0,-0.1,0.75,0.3,0.05,0.0,0.2525,0.20850960896415566
base,-0.2,1,-0.22,0.75,0.3,0.05,0.0,0.6751,0.50870876399747
severe,-0.3,2,-0.35,0.75,0.3,0.05,0.0,0.9547,0.6772839026776118
crisis,-0.4,3,-0.5,0.75,0.3,0.05,0.0,0.9988,0.699409527340314
mild,-0.1,0,-0.1,0.75,0.3,0.05,0.02,0.2525,0.20850960896415566
base,-0.2,1,-0.22,0.75,0.3,0.05,0.02,0.6751,0.50870876399747
severe,-0.3,2,-0.35,0.75,0.3,0.05,0.02,0.9547,0.6772839026776118
crisis,-0.4,3,-0.5,0.75,0.3,0.05,0.02,0.9988,0.699409527340314
mild,-0.1,0,-0.1,0.75,0.3,0.05,0.05,0.2525,0.20850960896415566
base,-0.2,1,-0.22,0.75,0.3,0.05,0.05,0.6751,0.50870876399747
severe,-0.3,2,-0.35,0.75,0.3,0.05,0.05,0.9547,0.6772839026776118
crisis,-0.4,3,-0.5,0.75,0.3,0.05,0.05,0.9988,0.699409527340314
mild,-0.1,0,-0.1,0.75,0.3,0.08,0.0,0.2525,0.20850960896415566
base,-0.2,1,-0.22,0.75,0.3,0.08,0.0,0.6751,0.50870876399747
severe,-0.3,2,-0.35,0.75,0.3,0.08,0.0,0.9547,0.6772839026776118
crisis,-0.4,3,-0.5,0.75,0.3,0.08,0.0,0.9988,0.699409527340314
mild,-0.1,0,-0.1,0.75,0.3,0.08,0.02,0.2525,0.20850960896415566
base,-0.2,1,-0.22,0.75,0.3,0.08,0.02,0.6751,0.50870876399747
severe,-0.3,2,-0.35,0.75,0.3,0.08,0.02,0.9547,0.6772839026776118
crisis,-0.4,3,-0.5,0.75,0.3,0.08,0.02,0.9988,0.699409527340314
mild,-0.1,0,-0.1,0.75,0.3,0.08,0.05,0.2525,0.20850960896415566
base,-0.2,1,-0.22,0.75,0.3,0.08,0.05,0.6751,0.50870876399747
severe,-0.3,2,-0.35,0.75,0.3,0.08,0.05,0.9547,0.6772839026776118
crisis,-0.4,3,-0.5,0.75,0.3,0.08,0.05,0.9988,0.699409527340314
mild,-0.1,0,-0.1,0.75,0.3,0.12,0.0,0.2525,0.20850960896415566
base,-0.2,1,-0.22,0.75,0.3,0.12,0.0,0.6751,0.50870876399747
severe,-0.3,2,-0.35,0.75,0.3,0.12,0.0,0.9547,0.6772839026776118
crisis,-0.4,3,-0.5,0.75,0.3,0.12,0.0,0.9988,0.699409527340314
mild,-0.1,0,-0.1,0.75,0.3,0.12,0.02,0.2525,0.20850960896415566
base,-0.2,1,-0.22,0.75,0.3,0.12,0.02,0.6751,0.50870876399747
severe,-0.3,2,-0.35,0.75,0.3,0.12,0.02,0.9547,0.6772839026776118
crisis,-0.4,3,-0.5,0.75,0.3,0.12,0.02,0.9988,0.699409527340314
mild,-0.1,0,-0.1,0.75,0.3,0.12,0.05,0.2525,0.20850960896415566
base,-0.2,1,-0.22,0.75,0.3,0.12,0.05,0.6751,0.50870876399747
severe,-0.3,2,-0.35,0.75,0.3,0.12,0.05,0.9547,0.6772839026776118
crisis,-0.4,3,-0.5,0.75,0.3,0.12,0.05,0.9988,0.699409527340314
mild,-0.1,0,-0.1,0.75,0.5,0.05,0.0,0.2525,0.1489354349743969
base,-0.2,1,-0.22,0.75,0.5,0.05,0.0,0.6751,0.36336340285533575
severe,-0.3,2,-0.35,0.75,0.5,0.05,0.0,0.9547,0.48377421619829425
crisis,-0.4,3,-0.5,0.75,0.5,0.05,0.0,0.9988,0.49957823381451005
mild,-0.1,0,-0.1,0.75,0.5,0.05,0.02,0.2525,0.1489354349743969
base,-0.2,1,-0.22,0.75,0.5,0.05,0.02,0.6751,0.36336340285533575
severe,-0.3,2,-0.35,0.75,0.5,0.05,0.02,0.9547,0.48377421619829425
crisis,-0.4,3,-0.5,0.75,0.5,0.05,0.02,0.9988,0.49957875101450966
mild,-0.1,0,-0.1,0.75,0.5,0.05,0.05,0.2525,0.1489354349743969
base,-0.2,1,-0.22,0.75,0.5,0.05,0.05,0.6751,0.36336340285533575
severe,-0.3,2,-0.35,0.75,0.5,0.05,0.05,0.9547,0.48377421619829425
crisis,-0.4,3,-0.5,0.75,0.5,0.05,0.05,0.9988,0.4995796376430806
mild,-0.1,0,-0.1,0.75,0.5,0.08,0.0,0.2525,0.1489354349743969
base,-0.2,1,-0.22,0.75,0.5,0.08,0.0,0.6751,0.36336340285533575
severe,-0.3,2,-0.35,0.75,0.5,0.08,0.0,0.9547,0.48377421619829425
crisis,-0.4,3,-0.5,0.75,0.5,0.08,0.0,0.9988,0.4995789808811762
mild,-0.1,0,-0.1,0.75,0.5,0.08,0.02,0.2525,0.1489354349743969
base,-0.2,1,-0.22,0.75,0.5,0.08,0.02,0.6751,0.36336340285533575
severe,-0.3,2,-0.35,0.75,0.5,0.08,0.02,0.9547,0.48377421619829425
crisis,-0.4,3,-0.5,0.75,0.5,0.08,0.02,0.9988,0.4995795555478425
mild,-0.1,0,-0.1,0.75,0.5,0.08,0.05,0.2525,0.1489354349743969
base,-0.2,1,-0.22,0.75,0.5,0.08,0.05,0.6751,0.36336340285533575
severe,-0.3,2,-0.35,0.75,0.5,0.08,0.05,0.9547,0.48377421619829425
crisis,-0.4,3,-0.5,0.75,0.5,0.08,0.05,0.9988,0.49958041754784194
mild,-0.1,0,-0.1,0.75,0.5,0.12,0.0,0.2525,0.1489354349743969
base,-0.2,1,-0.22,0.75,0.5,0.12,0.0,0.6751,0.36336340285533575
severe,-0.3,2,-0.35,0.75,0.5,0.12,0.0,0.9547,0.48377421619829425
crisis,-0.4,3,-0.5,0.75,0.5,0.12,0.0,0.9988,0.4995800070716517
mild,-0.1,0,-0.1,0.75,0.5,0.12,0.02,0.2525,0.1489354349743969
base,-0.2,1,-0.22,0.75,0.5,0.12,0.02,0.6751,0.36336340285533575
severe,-0.3,2,-0.35,0.75,0.5,0.12,0.02,0.9547,0.48377421619829425
crisis,-0.4,3,-0.5,0.75,0.5,0.12,0.02,0.9988,0.4995806007472163
mild,-0.1,0,-0.1,0.75,0.5,0.12,0.05,0.2525,0.1489354349743969
base,-0.2,1,-0.22,0.75,0.5,0.12,0.05,0.6751,0.36336340285533575
severe,-0.3,2,-0.35,0.75,0.5,0.12,0.05,0.9547,0.48377421619829425
crisis,-0.4,3,-0.5,0.75,0.5,0.12,0.05,0.9988,0.4995932508524309
mild,-0.1,0,-0.1,0.75,0.8,0.05,0.0,0.2525,0.059574173989758755
base,-0.2,1,-0.22,0.75,0.8,0.05,0.0,0.6751,0.14534642509641932
severe,-0.3,2,-0.35,0.75,0.8,0.05,0.0,0.9547,0.19464999623659296
crisis,-0.4,3,-0.5,0.75,0.8,0.05,0.0,0.9988,0.26069971136260245
mild,-0.1,0,-0.1,0.75,0.8,0.05,0.02,0.2525,0.059574173989758755
base,-0.2,1,-0.22,0.75,0.8,0.05,0.02,0.6751,0.145347347190133
severe,-0.3,2,-0.35,0.75,0.8,0.05,0.02,0.9547,0.195459311598855
crisis,-0.4,3,-0.5,0.75,0.8,0.05,0.02,0.9988,0.2708088094077673
mild,-0.1,0,-0.1,0.75,0.8,0.05,0.05,0.2525,0.059574173989758755
base,-0.2,1,-0.22,0.75,0.8,0.05,0.05,0.6751,0.14534873033070358
severe,-0.3,2,-0.35,0.75,0.8,0.05,0.05,0.9547,0.19739360014742038
crisis,-0.4,3,-0.5,0.75,0.8,0.05,0.05,0.9988,0.28730922206522086
mild,-0.1,0,-0.1,0.75,0.8,0.08,0.0,0.2525,0.059574173989758755
base,-0.2,1,-0.22,0.75,0.8,0.08,0.0,0.6751,0.14534770578213277
severe,-0.3,2,-0.35,0.75,0.8,0.08,0.0,0.9547,0.19587217372975024
crisis,-0.4,3,-0.5,0.75,0.8,0.08,0.0,0.9988,0.2749446732403484
mild,-0.1,0,-0.1,0.75,0.8,0.08,0.02,0.2525,0.059574173989758755
base,-0.2,1,-0.22,0.75,0.8,0.08,0.02,0.6751,0.14534860226213223
severe,-0.3,2,-0.35,0.75,0.8,0.08,0.02,0.9547,0.19717192497833813
crisis,-0.4,3,-0.5,0.75,0.8,0.08,0.02,0.9988,0.28572020955993827
mild,-0.1,0,-0.1,0.75,0.8,0.08,0.05,0.2525,0.059574173989758755
base,-0.2,1,-0.22,0.75,0.8,0.08,0.05,0.6751,0.14535612578365653
severe,-0.3,2,-0.35,0.75,0.8,0.08,0.05,0.9547,0.2001408845893268
crisis,-0.4,3,-0.5,0.75,0.8,0.08,0.05,0.9988,0.30302071271370284
mild,-0.1,0,-0.1,0.75,0.8,0.12,0.0,0.2525,0.059574173989758755
base,-0.2,1,-0.22,0.75,0.8,0.12,0.0,0.6751,0.1453498640100261
severe,-0.3,2,-0.35,0.75,0.8,0.12,0.0,0.9547,0.19854378624229205
crisis,-0.4,3,-0.5,0.75,0.8,0.12,0.0,0.9988,0.29460975694415503
mild,-0.1,0,-0.1,0.75,0.8,0.12,0.02,0.2525,0.059574173989758755
base,-0.2,1,-0.22,0.75,0.8,0.12,0.02,0.6751,0.14536060241909962
severe,-0.3,2,-0.35,0.75,0.8,0.12,0.02,0.9547,0.20078803153371008
crisis,-0.4,3,-0.5,0.75,0.8,0.12,0.02,0.9988,0.3060328304352681
mild,-0.1,0,-0.1,0.75,0.8,0.12,0.05,0.2525,0.059574173989758755
base,-0.2,1,-0.22,0.75,0.8,0.12,0.05,0.6751,0.1454482367377125
severe,-0.3,2,-0.35,0.75,0.8,0.12,0.05,0.9547,0.20560333385429158
crisis,-0.4,3,-0.5,0.75,0.8,0.12,0.05,0.9988,0.324130795553874
mild,-0.1,0,-0.1,0.8,0.3,0.05,0.0,0.1141,0.09824774225629943
base,-0.2,1,-0.22,0.8,0.3,0.05,0.0,0.484,0.375344091057269
severe,-0.3,2,-0.35,0.8,0.3,0.05,0.0,0.8964,0.6392760691391569
crisis,-0.4,3,-0.5,0.8,0.3,0.05,0.0,0.9972,0.6985955719427888
mild,-0.1,0,-0.1,0.8,0.3,0.05,0.02,0.1141,0.09824774225629943
base,-0.2,1,-0.22,0.8,0.3,0.05,0.02,0.484,0.375344091057269
severe,-0.3,2,-0.35,0.8,0.3,0.05,0.02,0.8964,0.6392760691391569
crisis,-0.4,3,-0.5,0.8,0.3,0.05,0.02,0.9972,0.6985955719427888
mild,-0.1,0,-0.1,0.8,0.3,0.05,0.05,0.1141,0.09824774225629943
base,-0.2,1,-0.22,0.8,0.3,0.05,0.05,0.484,0.375344091057269
severe,-0.3,2,-0.35,0.8,0.3,0.05,0.05,0.8964,0.6392760691391569
crisis,-0.4,3,-0.5,0.8,0.3,0.05,0.05,0.9972,0.6985955719427888
mild,-0.1,0,-0.1,0.8,0.3,0.08,0.0,0.1141,0.09824774225629943
base,-0.2,1,-0.22,0.8,0.3,0.08,0.0,0.484,0.375344091057269
severe,-0.3,2,-0.35,0.8,0.3,0.08,0.0,0.8964,0.6392760691391569
crisis,-0.4,3,-0.5,0.8,0.3,0.08,0.0,0.9972,0.6985955719427888
mild,-0.1,0,-0.1,0.8,0.3,0.08,0.02,0.1141,0.09824774225629943
base,-0.2,1,-0.22,0.8,0.3,0.08,0.02,0.484,0.375344091057269
severe,-0.3,2,-0.35,0.8,0.3,0.08,0.02,0.8964,0.6392760691391569
crisis,-0.4,3,-0.5,0.8,0.3,0.08,0.02,0.9972,0.6985955719427888
mild,-0.1,0,-0.1,0.8,0.3,0.08,0.05,0.1141,0.09824774225629943
base,-0.2,1,-0.22,0.8,0.3,0.08,0.05,0.484,0.375344091057269
severe,-0.3,2,-0.35,0.8,0.3,0.08,0.05,0.8964,0.6392760691391569
crisis,-0.4,3,-0.5,0.8,0.3,0.08,0.05,0.9972,0.6985955719427888
mild,-0.1,0,-0.1,0.8,0.3,0.12,0.0,0.1141,0.09824774225629943
base,-0.2,1,-0.22,0.8,0.3,0.12,0.0,0.484,0.375344091057269
severe,-0.3,2,-0.35,0.8,0.3,0.12,0.0,0.8964,0.6392760691391569
crisis,-0.4,3,-0.5,0.8,0.3,0.12,0.0,0.9972,0.6985955719427888
mild,-0.1,0,-0.1,0.8,0.3,0.12,0.02,0.1141,0.09824774225629943
base,-0.2,1,-0.22,0.8,0.3,0.12,0.02,0.484,0.375344091057269
severe,-0.3,2,-0.35,0.8,0.3,0.12,0.02,0.8964,0.6392760691391569
crisis,-0.4,3,-0.5,0.8,0.3,0.12,0.02,0.9972,0.6985955719427888
mild,-0.1,0,-0.1,0.8,0.3,0.12,0.05,0.1141,0.09824774225629943
base,-0.2,1,-0.22,0.8,0.3,0.12,0.05,0.484,0.375344091057269
severe,-0.3,2,-0.35,0.8,0.3,0.12,0.05,0.8964,0.6392760691391569
crisis,-0.4,3,-0.5,0.8,0.3,0.12,0.05,0.9972,0.6985955719427888
mild,-0.1,0,-0.1,0.8,0.5,0.05,0.0,0.1141,0.07017695875449959
base,-0.2,1,-0.22,0.8,0.5,0.05,0.0,0.484,0.2681029221837636
severe,-0.3,2,-0.35,0.8,0.5,0.05,0.0,0.8964,0.45662576367082625
crisis,-0.4,3,-0.5,0.8,0.5,0.05,0.0,0.9972,0.498996837101992
mild,-0.1,0,-0.1,0.8,0.5,0.05,0.02,0.1141,0.07017695875449959
base,-0.2,1,-0.22,0.8,0.5,0.05,0.02,0.484,0.2681029221837636
severe,-0.3,2,-0.35,0.8,0.5,0.05,0.02,0.8964,0.45662576367082625
crisis,-0.4,3,-0.5,0.8,0.5,0.05,0.02,0.9972,0.4989973543019916
mild,-0.1,0,-0.1,0.8,0.5,0.05,0.05,0.1141,0.07017695875449959
base,-0.2,1,-0.22,0.8,0.5,0.05,0.05,0.484,0.2681029221837636
severe,-0.3,2,-0.35,0.8,0.5,0.05,0.05,0.8964,0.45662576367082625
crisis,-0.4,3,-0.5,0.8,0.5,0.05,0.05,0.9972,0.49899824093056255
mild,-0.1,0,-0.1,0.8,0.5,0.08,0.0,0.1141,0.07017695875449959
base,-0.2,1,-0.22,0.8,0.5,0.08,0.0,0.484,0.2681029221837636
severe,-0.3,2,-0.35,0.8,0.5,0.08,0.0,0.8964,0.45662576367082625
crisis,-0.4,3,-0.5,0.8,0.5,0.08,0.0,0.9972,0.49899758416865814
mild,-0.1,0,-0.1,0.8,0.5,0.08,0.02,0.1141,0.07017695875449959
base,-0.2,1,-0.22,0.8,0.5,0.08,0.02,0.484,0.2681029221837636
severe,-0.3,2,-0.35,0.8,0.5,0.08,0.02,0.8964,0.45662576367082625
crisis,-0.4,3,-0.5,0.8,0.5,0.08,0.02,0.9972,0.49899815883532445
mild,-0.1,0,-0.1,0.8,0.5,0.08,0.05,0.1141,0.07017695875449959
base,-0.2,1,-0.22,0.8,0.5,0.08,0.05,0.484,0.2681029221837636
severe,-0.3,2,-0.35,0.8,0.5,0.08,0.05,0.8964,0.45662576367082625
crisis,-0.4,3,-0.5,0.8,0.5,0.08,0.05,0.9972,0.4989990208353239
mild,-0.1,0,-0.1,0.8,0.5,0.12,0.0,0.1141,0.07017695875449959
base,-0.2,1,-0.22,0.8,0.5,0.12,0.0,0.484,0.2681029221837636
severe,-0.3,2,-0.35,0.8,0.5,0.12,0.0,0.8964,0.45662576367082625
crisis,-0.4,3,-0.5,0.8,0.5,0.12,0.0,0.9972,0.4989986103591338
mild,-0.1,0,-0.1,0.8,0.5,0.12,0.02,0.1141,0.07017695875449959
base,-0.2,1,-0.22,0.8,0.5,0.12,0.02,0.484,0.2681029221837636
severe,-0.3,2,-0.35,0.8,0.5,0.12,0.02,0.8964,0.45662576367082625
crisis,-0.4,3,-0.5,0.8,0.5,0.12,0.02,0.9972,0.49899920403469833
mild,-0.1,0,-0.1,0.8,0.5,0.12,0.05,0.1141,0.07017695875449959
base,-0.2,1,-0.22,0.8,0.5,0.12,0.05,0.484,0.2681029221837636
severe,-0.3,2,-0.35,0.8,0.5,0.12,0.05,0.8964,0.45662576367082625
crisis,-0.4,3,-0.5,0.8,0.5,0.12,0.05,0.9972,0.49901185413991284
mild,-0.1,0,-0.1,0.8,0.8,0.05,0.0,0.1141,0.028070783501799833
base,-0.2,1,-0.22,0.8,0.8,0.05,0.0,0.484,0.10724223282779047
severe,-0.3,2,-0.35,0.8,0.8,0.05,0.0,0.8964,0.18379061522560583
crisis,-0.4,3,-0.5,0.8,0.8,0.05,0.0,0.9972,0.26046715267759524
mild,-0.1,0,-0.1,0.8,0.8,0.05,0.02,0.1141,0.028070783501799833
base,-0.2,1,-0.22,0.8,0.8,0.05,0.02,0.484,0.10724315492150417
severe,-0.3,2,-0.35,0.8,0.8,0.05,0.02,0.8964,0.18459993058786778
crisis,-0.4,3,-0.5,0.8,0.8,0.05,0.02,0.9972,0.27057625072276004
mild,-0.1,0,-0.1,0.8,0.8,0.05,0.05,0.1141,0.028070783501799833
base,-0.2,1,-0.22,0.8,0.8,0.05,0.05,0.484,0.10724453806207473
severe,-0.3,2,-0.35,0.8,0.8,0.05,0.05,0.8964,0.1865342191364332
crisis,-0.4,3,-0.5,0.8,0.8,0.05,0.05,0.9972,0.28707666338021365
mild,-0.1,0,-0.1,0.8,0.8,0.08,0.0,0.1141,0.028070783501799833
base,-0.2,1,-0.22,0.8,0.8,0.08,0.0,0.484,0.10724351351350396
severe,-0.3,2,-0.35,0.8,0.8,0.08,0.0,0.8964,0.18501279271876309
crisis,-0.4,3,-0.5,0.8,0.8,0.08,0.0,0.9972,0.2747121145553412
mild,-0.1,0,-0.1,0.8,0.8,0.08,0.02,0.1141,0.028070783501799833
base,-0.2,1,-0.22,0.8,0.8,0.08,0.02,0.484,0.10724440999350338
severe,-0.3,2,-0.35,0.8,0.8,0.08,0.02,0.8964,0.18631254396735097
crisis,-0.4,3,-0.5,0.8,0.8,0.08,0.02,0.9972,0.285487650874931
mild,-0.1,0,-0.1,0.8,0.8,0.08,0.05,0.1141,0.028070783501799833
base,-0.2,1,-0.22,0.8,0.8,0.08,0.05,0.484,0.10725193351502767
severe,-0.3,2,-0.35,0.8,0.8,0.08,0.05,0.8964,0.18928150357833962
crisis,-0.4,3,-0.5,0.8,0.8,0.08,0.05,0.9972,0.30278815402869563
mild,-0.1,0,-0.1,0.8,0.8,0.12,0.0,0.1141,0.028070783501799833
base,-0.2,1,-0.22,0.8,0.8,0.12,0.0,0.484,0.10724567174139725
severe,-0.3,2,-0.35,0.8,0.8,0.12,0.0,0.8964,0.18768440523130486
crisis,-0.4,3,-0.5,0.8,0.8,0.12,0.0,0.9972,0.2943771982591478
mild,-0.1,0,-0.1,0.8,0.8,0.12,0.02,0.1141,0.028070783501799833
base,-0.2,1,-0.22,0.8,0.8,0.12,0.02,0.484,0.1072564101504708
severe,-0.3,2,-0.35,0.8,0.8,0.12,0.02,0.8964,0.18992865052272292
crisis,-0.4,3,-0.5,0.8,0.8,0.12,0.02,0.9972,0.30580027175026087
mild,-0.1,0,-0.1,0.8,0.8,0.12,0.05,0.1141,0.028070783501799833
base,-0.2,1,-0.22,0.8,0.8,0.12,0.05,0.484,0.10734404446908369
severe,-0.3,2,-0.35,0.8,0.8,0.12,0.05,0.8964,0.1947439528433044
crisis,-0.4,3,-0.5,0.8,0.8,0.12,0.05,0.9972,0.32389823686886676
mild,-0.1,0,-0.1,0.85,0.3,0.05,0.0,0.039,0.03642717265955998
base,-0.2,1,-0.22,0.85,0.3,0.05,0.0,0.2988,0.24359521363417708
severe,-0.3,2,-0.35,0.85,0.3,0.05,0.0,0.8067,0.5830043610878256
crisis,-0.4,3,-0.5,0.85,0.3,0.05,0.0,0.9933,0.6959570221337992
mild,-0.1,0,-0.1,0.85,0.3,0.05,0.02,0.039,0.03642717265955998
base,-0.2,1,-0.22,0.85,0.3,0.05,0.02,0.2988,0.24359521363417708
severe,-0.3,2,-0.35,0.85,0.3,0.05,0.02,0.8067,0.5830043610878256
crisis,-0.4,3,-0.5,0.85,0.3,0.05,0.02,0.9933,0.6959570221337992
mild,-0.1,0,-0.1,0.85,0.3,0.05,0.05,0.039,0.03642717265955998
base,-0.2,1,-0.22,0.85,0.3,0.05,0.05,0.2988,0.24359521363417708
severe,-0.3,2,-0.35,0.85,0.3,0.05,0.05,0.8067,0.5830043610878256
crisis,-0.4,3,-0.5,0.85,0.3,0.05,0.05,0.9933,0.6959570221337992
mild,-0.1,0,-0.1,0.85,0.3,0.08,0.0,0.039,0.03642717265955998
base,-0.2,1,-0.22,0.85,0.3,0.08,0.0,0.2988,0.24359521363417708
severe,-0.3,2,-0.35,0.85,0.3,0.08,0.0,0.8067,0.5830043610878256
crisis,-0.4,3,-0.5,0.85,0.3,0.08,0.0,0.9933,0.6959570221337992
mild,-0.1,0,-0.1,0.85,0.3,0.08,0.02,0.039,0.03642717265955998
base,-0.2,1,-0.22,0.85,0.3,0.08,0.02,0.2988,0.24359521363417708
severe,-0.3,2,-0.35,0.85,0.3,0.08,0.02,0.8067,0.5830043610878256
crisis,-0.4,3,-0.5,0.85,0.3,0.08,0.02,0.9933,0.6959570221337992
mild,-0.1,0,-0.1,0.85,0.3,0.08,0.05,0.039,0.03642717265955998
base,-0.2,1,-0.22,0.85,0.3,0.08,0.05,0.2988,0.24359521363417708
severe,-0.3,2,-0.35,0.85,0.3,0.08,0.05,0.8067,0.5830043610878256
crisis,-0.4,3,-0.5,0.85,0.3,0.08,0.05,0.9933,0.6959570221337992
mild,-0.1,0,-0.1,0.85,0.3,0.12,0.0,0.039,0.03642717265955998
base,-0.2,1,-0.22,0.85,0.3,0.12,0.0,0.2988,0.24359521363417708
severe,-0.3,2,-0.35,0.85,0.3,0.12,0.0,0.8067,0.5830043610878256
crisis,-0.4,3,-0.5,0.85,0.3,0.12,0.0,0.9933,0.6959570221337992
mild,-0.1,0,-0.1,0.85,0.3,0.12,0.02,0.039,0.03642717265955998
base,-0.2,1,-0.22,0.85,0.3,0.12,0.02,0.2988,0.24359521363417708
severe,-0.3,2,-0.35,0.85,0.3,0.12,0.02,0.8067,0.5830043610878256
crisis,-0.4,3,-0.5,0.85,0.3,0.12,0.02,0.9933,0.6959570221337992
mild,-0.1,0,-0.1,0.85,0.3,0.12,0.05,0.039,0.03642717265955998
base,-0.2,1,-0.22,0.85,0.3,0.12,0.05,0.2988,0.24359521363417708
severe,-0.3,2,-0.35,0.85,0.3,0.12,0.05,0.8067,0.5830043610878256
crisis,-0.4,3,-0.5,0.85,0.3,0.12,0.05,0.9933,0.6959570221337992
mild,-0.1,0,-0.1,0.85,0.5,0.05,0.0,0.039,0.026019409042542845
base,-0.2,1,-0.22,0.85,0.5,0.05,0.0,0.2988,0.17399658116726935
severe,-0.3,2,-0.35,0.85,0.5,0.05,0.0,0.8067,0.4164316864913041
crisis,-0.4,3,-0.5,0.85,0.5,0.05,0.0,0.9933,0.49711215866699937
mild,-0.1,0,-0.1,0.85,0.5,0.05,0.02,0.039,0.026019409042542845
base,-0.2,1,-0.22,0.85,0.5,0.05,0.02,0.2988,0.17399658116726935
severe,-0.3,2,-0.35,0.85,0.5,0.05,0.02,0.8067,0.4164316864913041
crisis,-0.4,3,-0.5,0.85,0.5,0.05,0.02,0.9933,0.49711267586699903
mild,-0.1,0,-0.1,0.85,0.5,0.05,0.05,0.039,0.026019409042542845
base,-0.2,1,-0.22,0.85,0.5,0.05,0.05,0.2988,0.17399658116726935
severe,-0.3,2,-0.35,0.85,0.5,0.05,0.05,0.8067,0.4164316864913041
crisis,-0.4,3,-0.5,0.85,0.5,0.05,0.05,0.9933,0.4971135624955699
mild,-0.1,0,-0.1,0.85,0.5,0.08,0.0,0.039,0.026019409042542845
base,-0.2,1,-0.22,0.85,0.5,0.08,0.0,0.2988,0.17399658116726935
severe,-0.3,2,-0.35,0.85,0.5,0.08,0.0,0.8067,0.4164316864913041
crisis,-0.4,3,-0.5,0.85,0.5,0.08,0.0,0.9933,0.4971129057336655
mild,-0.1,0,-0.1,0.85,0.5,0.08,0.02,0.039,0.026019409042542845
base,-0.2,1,-0.22,0.85,0.5,0.08,0.02,0.2988,0.17399658116726935
severe,-0.3,2,-0.35,0.85,0.5,0.08,0.02,0.8067,0.4164316864913041
crisis,-0.4,3,-0.5,0.85,0.5,0.08,0.02,0.9933,0.4971134804003318
mild,-0.1,0,-0.1,0.85,0.5,0.08,0.05,0.039,0.026019409042542845
base,-0.2,1,-0.22,0.85,0.5,0.08,0.05,0.2988,0.17399658116726935
severe,-0.3,2,-0.35,0.85,0.5,0.08,0.05,0.8067,0.4164316864913041
crisis,-0.4,3,-0.5,0.85,0.5,0.08,0.05,0.9933,0.49711434240033125
mild,-0.1,0,-0.1,0.85,0.5,0.12,0.0,0.039,0.026019409042542845
base,-0.2,1,-0.22,0.85,0.5,0.12,0.0,0.2988,0.17399658116726935
severe,-0.3,2,-0.35,0.85,0.5,0.12,0.0,0.8067,0.4164316864913041
crisis,-0.4,3,-0.5,0.85,0.5,0.12,0.0,0.9933,0.49711393192414105
mild,-0.1,0,-0.1,0.85,0.5,0.12,0.02,0.039,0.026019409042542845
base,-0.2,1,-0.22,0.85,0.5,0.12,0.02,0.2988,0.17399658116726935
severe,-0.3,2,-0.35,0.85,0.5,0.12,0.02,0.8067,0.4164316864913041
crisis,-0.4,3,-0.5,0.85,0.5,0.12,0.02,0.9933,0.49711452559970576
mild,-0.1,0,-0.1,0.85,0.5,0.12,0.05,0.039,0.026019409042542845
base,-0.2,1,-0.22,0.85,0.5,0.12,0.05,0.2988,0.17399658116726935
severe,-0.3,2,-0.35,0.85,0.5,0.12,0.05,0.8067,0.4164316864913041
crisis,-0.4,3,-0.5,0.85,0.5,0.12,0.05,0.9933,0.4971271757049202
mild,-0.1,0,-0.1,0.85,0.8,0.05,0.0,0.039,0.010407763617017136
base,-0.2,1,-0.22,0.85,0.8,0.05,0.0,0.2988,0.06959969642119276
severe,-0.3,2,-0.35,0.85,0.8,0.05,0.0,0.8067,0.16771298435379695
crisis,-0.4,3,-0.5,0.85,0.8,0.05,0.0,0.9933,0.25971328130359816
mild,-0.1,0,-0.1,0.85,0.8,0.05,0.02,0.039,0.010407763617017136
base,-0.2,1,-0.22,0.85,0.8,0.05,0.02,0.2988,0.06960061851490648
severe,-0.3,2,-0.35,0.85,0.8,0.05,0.02,0.8067,0.16852229971605892
crisis,-0.4,3,-0.5,0.85,0.8,0.05,0.02,0.9933,0.269822379348763
mild,-0.1,0,-0.1,0.85,0.8,0.05,0.05,0.039,0.010407763617017136
base,-0.2,1,-0.22,0.85,0.8,0.05,0.05,0.2988,0.06960200165547702
severe,-0.3,2,-0.35,0.85,0.8,0.05,0.05,0.8067,0.1704565882646243
crisis,-0.4,3,-0.5,0.85,0.8,0.05,0.05,0.9933,0.2863227920062166
mild,-0.1,0,-0.1,0.85,0.8,0.08,0.0,0.039,0.010407763617017136
base,-0.2,1,-0.22,0.85,0.8,0.08,0.0,0.2988,0.06960097710690624
severe,-0.3,2,-0.35,0.85,0.8,0.08,0.0,0.8067,0.16893516184695417
crisis,-0.4,3,-0.5,0.85,0.8,0.08,0.0,0.9933,0.27395824318134415
mild,-0.1,0,-0.1,0.85,0.8,0.08,0.02,0.039,0.010407763617017136
base,-0.2,1,-0.22,0.85,0.8,0.08,0.02,0.2988,0.06960187358690569
severe,-0.3,2,-0.35,0.85,0.8,0.08,0.02,0.8067,0.17023491309554206
crisis,-0.4,3,-0.5,0.85,0.8,0.08,0.02,0.9933,0.284733779500934
mild,-0.1,0,-0.1,0.85,0.8,0.08,0.05,0.039,0.010407763617017136
base,-0.2,1,-0.22,0.85,0.8,0.08,0.05,0.2988,0.06960939710842998
severe,-0.3,2,-0.35,0.85,0.8,0.08,0.05,0.8067,0.17320387270653076
crisis,-0.4,3,-0.5,0.85,0.8,0.08,0.05,0.9933,0.30203428265469856
mild,-0.1,0,-0.1,0.85,0.8,0.12,0.0,0.039,0.010407763617017136
base,-0.2,1,-0.22,0.85,0.8,0.12,0.0,0.2988,0.06960313533479955
severe,-0.3,2,-0.35,0.85,0.8,0.12,0.0,0.8067,0.171606774359496
crisis,-0.4,3,-0.5,0.85,0.8,0.12,0.0,0.9933,0.2936233268851508
mild,-0.1,0,-0.1,0.85,0.8,0.12,0.02,0.039,0.010407763617017136
base,-0.2,1,-0.22,0.85,0.8,0.12,0.02,0.2988,0.06961387374387308
severe,-0.3,2,-0.35,0.85,0.8,0.12,0.02,0.8067,0.17385101965091404
crisis,-0.4,3,-0.5,0.85,0.8,0.12,0.02,0.9933,0.3050464003762638
mild,-0.1,0,-0.1,0.85,0.8,0.12,0.05,0.039,0.010407763617017136
base,-0.2,1,-0.22,0.85,0.8,0.12,0.05,0.2988,0.06970150806248597
severe,-0.3,2,-0.35,0.85,0.8,0.12,0.05,0.8067,0.1786663219714955
crisis,-0.4,3,-0.5,0.85,0.8,0.12,0.05,0.9933,0.32314436549486975
